-- phpMyAdmin SQL Dump
-- version 5.2.1
-- https://www.phpmyadmin.net/
--
-- 主機： 127.0.0.1
-- 產生時間： 2023-07-20 03:25:20
-- 伺服器版本： 10.4.28-MariaDB
-- PHP 版本： 8.2.4

SET SQL_MODE = "NO_AUTO_VALUE_ON_ZERO";
START TRANSACTION;
SET time_zone = "+00:00";


/*!40101 SET @OLD_CHARACTER_SET_CLIENT=@@CHARACTER_SET_CLIENT */;
/*!40101 SET @OLD_CHARACTER_SET_RESULTS=@@CHARACTER_SET_RESULTS */;
/*!40101 SET @OLD_COLLATION_CONNECTION=@@COLLATION_CONNECTION */;
/*!40101 SET NAMES utf8mb4 */;

--
-- 資料庫： `1563`
--

-- --------------------------------------------------------

--
-- 資料表結構 `科別`
--

CREATE TABLE `科別` (
  `科別ID` int(11) NOT NULL,
  `科別名稱` varchar(255) DEFAULT NULL
) ENGINE=InnoDB DEFAULT CHARSET=utf8mb4 COLLATE=utf8mb4_general_ci;

--
-- 傾印資料表的資料 `科別`
--

INSERT INTO `科別` (`科別ID`, `科別名稱`) VALUES
(1, '一般內科'),
(2, '肝膽腸胃科'),
(3, '內分泌科'),
(4, '過敏免疫風濕科'),
(5, '感染科'),
(6, '心臟內科'),
(7, '胸腔內科'),
(8, '腫瘤內科'),
(9, '血液腫瘤科'),
(10, '腎臟內科'),
(11, '一般外科'),
(12, '骨科'),
(13, '整形外科'),
(14, '小兒外科'),
(15, '肝膽消化外科'),
(16, '乳房甲狀腺外科'),
(17, '心臟外科'),
(18, '神經外科'),
(19, '胸腔外科'),
(20, '大腸肛門外科'),
(21, '產科高危險妊娠'),
(22, '婦癌科'),
(23, '生殖醫學科'),
(24, '婦女泌尿暨骨盆重建科'),
(25, '腹腔鏡暨微創手術專科'),
(26, '海扶刀中心'),
(27, '新生兒科'),
(28, '兒童過敏免疫風濕科'),
(29, '兒童腎臟科'),
(30, '兒童神經科'),
(31, '兒童腸胃科'),
(32, '兒童血液腫瘤科'),
(33, '兒童感染科'),
(34, '兒童心臟科'),
(35, '兒童急診科'),
(36, '內分泌及遺傳代謝科');

-- --------------------------------------------------------

--
-- 資料表結構 `科別_醫師`
--

CREATE TABLE `科別_醫師` (
  `科別ID` int(11) NOT NULL,
  `醫師ID` int(11) NOT NULL
) ENGINE=InnoDB DEFAULT CHARSET=utf8mb4 COLLATE=utf8mb4_general_ci;

--
-- 傾印資料表的資料 `科別_醫師`
--

INSERT INTO `科別_醫師` (`科別ID`, `醫師ID`) VALUES
(1, 1),
(1, 2),
(1, 3),
(1, 4),
(2, 5),
(2, 6),
(2, 7),
(2, 8),
(2, 9),
(2, 10),
(2, 11),
(2, 12),
(2, 13),
(2, 14),
(3, 15),
(3, 16),
(3, 17),
(4, 18),
(4, 19),
(4, 20),
(5, 21),
(5, 22),
(5, 23),
(5, 24),
(5, 25),
(6, 26),
(6, 27),
(6, 28),
(6, 29),
(6, 30),
(6, 31),
(6, 32),
(6, 33),
(6, 34),
(6, 35),
(6, 36),
(6, 37),
(6, 38),
(6, 39),
(6, 40),
(7, 41),
(7, 42),
(7, 43),
(7, 44),
(7, 45),
(7, 46),
(7, 47),
(7, 48),
(7, 49),
(7, 50),
(7, 51),
(7, 52),
(7, 53),
(7, 54),
(8, 55),
(9, 56),
(9, 57),
(9, 58),
(10, 59),
(10, 60),
(10, 61),
(10, 62),
(10, 63),
(11, 64),
(11, 65),
(12, 66),
(12, 67),
(12, 68),
(12, 69),
(12, 70),
(12, 71),
(12, 72),
(12, 73),
(12, 74),
(12, 75),
(12, 76),
(12, 77),
(12, 78),
(13, 79),
(13, 80),
(13, 81),
(13, 82),
(14, 83),
(14, 84),
(15, 85),
(15, 86),
(15, 87),
(15, 88),
(15, 89),
(15, 90),
(15, 91),
(15, 92),
(16, 93),
(16, 94),
(16, 95),
(16, 96),
(17, 97),
(17, 98),
(17, 99),
(18, 100),
(18, 101),
(18, 102),
(18, 103),
(18, 104),
(18, 105),
(18, 106),
(18, 107),
(18, 108),
(19, 109),
(19, 110),
(19, 111),
(19, 112),
(19, 113),
(19, 114),
(19, 115),
(19, 116),
(19, 117),
(20, 118),
(20, 119),
(20, 120),
(21, 121),
(21, 122),
(21, 123),
(21, 124),
(22, 125),
(22, 126),
(22, 127),
(22, 128),
(23, 129),
(23, 130),
(23, 131),
(23, 132),
(23, 133),
(24, 134),
(24, 135),
(24, 136),
(25, 137),
(26, 138),
(26, 139),
(26, 140),
(27, 141),
(27, 142),
(27, 143),
(28, 144),
(28, 145),
(28, 146),
(28, 147),
(28, 148),
(29, 149),
(30, 150),
(31, 151),
(32, 152),
(32, 153),
(32, 154),
(33, 155),
(35, 156),
(35, 157),
(35, 158),
(36, 141);

-- --------------------------------------------------------

--
-- 資料表結構 `網站`
--

CREATE TABLE `網站` (
  `網站ID` int(11) NOT NULL,
  `醫生ID` int(11) DEFAULT NULL,
  `掛號網址` varchar(255) DEFAULT NULL,
  `看診查詢` varchar(255) DEFAULT NULL,
  `取消掛號` varchar(255) DEFAULT NULL
) ENGINE=InnoDB DEFAULT CHARSET=utf8mb4 COLLATE=utf8mb4_general_ci;

--
-- 傾印資料表的資料 `網站`
--

INSERT INTO `網站` (`網站ID`, `醫生ID`, `掛號網址`, `看診查詢`, `取消掛號`) VALUES
(1, 1, '0', '1', '2');

-- --------------------------------------------------------

--
-- 資料表結構 `醫師`
--

CREATE TABLE `醫師` (
  `醫師ID` int(11) NOT NULL,
  `醫師姓名` varchar(255) DEFAULT NULL,
  `專長` varchar(255) DEFAULT NULL
) ENGINE=InnoDB DEFAULT CHARSET=utf8mb4 COLLATE=utf8mb4_general_ci;

--
-- 傾印資料表的資料 `醫師`
--

INSERT INTO `醫師` (`醫師ID`, `醫師姓名`, `專長`) VALUES
(1, '林中生', '高血壓、糖尿病、高血脂症冠狀動脈疾病(含心肌梗塞)心律不整、心臟衰竭'),
(2, '王威傑', '治療性內分泌及新陳代謝疾病、糖尿病、治療甲狀腺疾病、甲狀腺超音波檢查'),
(3, '梁培英', '一般內科、蕁麻疹、異位性皮膚炎、過敏性鼻炎、痛風、全身性紅斑狼瘡、類風濕關節炎、乾癬及乾癬性關節炎、僵直性脊椎炎、修格蘭氏症候群及其他免疫系統疾病等、骨關節超音波檢查'),
(4, '蘇章政', '一般內科疾病、腹部超音波檢查、診斷與治療性消化道內視鏡(胃鏡,大腸鏡,潰瘍性出血,胃食道靜脈瘤出血,息肉切除)、肝膽及胃腸疾病篩檢治療(肝炎、肝硬化、胃潰瘍、胃癌、大腸癌)'),
(5, '蔡明璋', '胃腸及肝膽疾病、上下消化道內視鏡檢查(胃鏡、大腸鏡)、內視鏡膽胰管攝影術及治療、腹部超音波、內視鏡超音波'),
(6, '林金坤', '肝膽胃腸科消化道疾病'),
(7, '張明輝', '治療性內視鏡(胃鏡,大腸鏡,潰瘍性出血及胃、食道靜脈瘤出血)、無痛腸胃鏡檢查、經鼻胃鏡檢查、消化系統癌症診斷(如胃癌,食道癌,大腸癌)、腹部超音波檢查、肝病(肝炎與肝癌)'),
(8, '林敬斌', '腸道免疫及發炎性腸道疾病(IBD)、小腸疾病(膠囊內視鏡及雙氣囊小腸鏡)、早期癌診斷及治療(無痛內視鏡及內視鏡手術)'),
(9, '楊凱凡', '急性和慢性肝炎、肝硬化、肝膿瘍、肝癌胃食道逆流胃和十二指腸潰瘍、胃腸道出血、食道或胃靜脈曲張出血胃和大腸瘜肉切除食道癌、胃癌、大腸癌胰臟癌之診斷發炎性腸炎、膽囊炎胰臟炎腹部超音波胃鏡大腸鏡檢查無痛胃鏡大腸鏡檢查迷你探頭內視鏡超音波(mini-probeEUS)射頻燒灼術(RFA)經皮酒精注射(PEI)'),
(10, '汪奇志', '胃腸及肝膽疾病(肝炎、肝癌、腹部超音波檢查與非侵入性肝纖維化檢測).膽胰疾病內視鏡診斷及治療上下消化道內視鏡檢查(胃鏡、大腸鏡)治療性內視鏡(潰瘍性出血及胃、食道靜脈瘤出血、大腸息肉切除)'),
(11, '林俊哲', '肝膽胰系統疾病內視鏡逆行性膽胰管造影術診斷與治療性內視鏡超音波檢查內視鏡超音波肝病(B、C型肝炎與肝癌)'),
(12, '楊子緯', '脂肪肝、肥胖、減重、胃水球減重、胃食道逆流、24小時胃酸監測、消化道內視鏡檢查(胃鏡、大腸鏡)、肝膽及胃腸疾病篩檢治療(肝炎、肝硬化、胃潰瘍、胃癌、大腸癌)、治療性內視鏡(胃、十二指腸潰瘍出血、食道靜脈瘤出血、大腸息肉切除)'),
(13, '王賀立', '內科疾病消化系統疾病消化系統早期癌診斷與治療健康保健諮詢'),
(14, '陳威良', '消化系常見疾病診斷及治療：食道、胃、小腸、大腸、膽、胰、消化道內視鏡檢查(胃鏡、大腸鏡、無痛胃腸鏡)、治療性內視鏡(胃、十二指腸潰瘍出血、胃食道靜脈瘤出血、大腸息肉切除)、肝膽及胃腸疾病篩檢治療(肝炎、肝硬化、肝癌、食道癌、胃潰瘍、胃癌、大腸癌)、腹部超音波檢查(肝炎、肝癌與非侵入性肝纖維化檢測)一般內科疾病'),
(15, '黃建寧校長', '糖尿病及其慢性併發症、甲狀腺疾病及其他內分泌疾病、肥胖、骨質疏鬆症、男女性更年期'),
(16, '楊宜瑱', '糖尿病、高脂血症、肥胖症、甲狀腺疾病、副甲狀腺疾病、腦下垂體疾病、腎上腺疾病等等各種之內分泌異長'),
(17, '羅仕昌', '糖尿病、甲狀腺疾病、腎上腺疾病'),
(18, '魏正宗', '僵直性脊椎炎、風濕病過敏、免疫疾病、痛風中西整合醫學'),
(19, '王世叡', '氣喘及過敏疾病紅斑性狼瘡及免疫疾病類風濕性關節炎、痛風敗血性休克的藥物研發'),
(20, '霍安平', '各種風濕免疫疾病的診斷與治療、如休格林氏症(乾燥症)、全身性紅斑狼瘡、全身性硬化症(硬皮症)、皮肌炎、多發性肌炎、各式血管炎、類風濕性關節炎、僵直性脊椎炎、嚴重乾癬(牛皮癬)及乾癬性關節炎、痛風性關節炎、各式關節肌肉症狀、各式皮膚過敏或慢性皮膚疾病'),
(21, '曹世明', '氣喘、肺氣腫、肺炎及呼吸道感染、肺癌、胸腔惡性腫瘤、發燒與感染症'),
(22, '李原地', '一般內科疾病、不明熱、一般細菌性、病毒性感染症、蜂窩性組織炎、泌尿道感染、上呼吸道感染、結核病、熱帶傳染性疾病、院內感染控制'),
(23, '李鑒峯', '發燒、不明熱、蜂窩性組織炎、支氣管炎、肺炎、肺結核、心內膜炎、泌尿道感染、膿瘍、骨髓炎、性病、梅毒、愛滋病諮詢、旅遊傳染病諮詢、及一般內科問題。'),
(24, '王唯堯', '臨床感染症診斷與治療蜂窩性組織炎、肺炎。泌尿道感染。腹腔內感染，和不明原因發燒探查等。、醫院感染控制。、重症醫學、分子生物流行病學'),
(25, '李育霖', '常見傳染病的診斷與治療例如：人體各部因細菌、病毒或其它病原體引起之感染、各種原因引起之發燒及不明原因之發燒、感冒、扁桃腺炎、氣管炎、肺炎性病、梅毒、淋病、尿道炎、膀胱炎、腎盂炎、骨髓炎、蜂窩性組織炎、腦膜炎、腦炎、結核病、肺結核及愛滋病等'),
(26, '詹貴川', '高血壓、糖尿病、高血脂症冠狀動脈疾病(含心肌梗塞)、心律不整、心臟衰竭心導管介入治療(含冠狀動脈、週邊血管支架置放術)心律調節器植入手術'),
(27, '翁國昌', '高血壓、糖尿病、高血脂症冠狀動脈疾病(含心肌梗塞)、心律不整、心臟衰竭心導管介入治療(含冠狀動脈、週邊血管、頸動脈支架置放術)心律不整電燒手術、心律調節器植入手術'),
(28, '鍾國屏', '高血壓、糖尿病、高血脂症冠狀動脈疾病(含心肌梗塞)、心律不整、心臟衰竭心導管介入治療(含冠狀動脈支架置放術)藥物流行病學、醫院管理、醫療品質'),
(29, '林明正', '高血壓、糖尿病、高血脂症冠狀動脈疾病(含心肌梗塞)、心律不整心臟衰竭、心血管重症醫學'),
(30, '陳國勳', '心臟病、高血壓、心衰竭、高血脂、心律不整'),
(31, '蔡青峰', '高血壓、糖尿病、高血脂症冠狀動脈疾病(含心肌梗塞)、心律不整、心臟衰竭心導管介入治療(含冠狀動脈、週邊血管支架置放術)心律不整電燒手術、心律調節器植入手術'),
(32, '蘇峻弘', '高血壓、糖尿病、高血脂症冠狀動脈疾病(含心肌梗塞)、心律不整、心臟衰竭心導管介入治療(含冠狀動脈、週邊血管、頸動脈支架置放術)心律調節器植入手術'),
(33, '楊宗元', '高血壓、糖尿病、高血脂症冠狀動脈疾病(含心肌梗塞)、心律不整、心臟衰竭心導管介入治療(含冠狀動脈、週邊血管、頸動脈支架置放術)心律調節器植入手術'),
(34, '莊維元', '高血壓、糖尿病、高血脂症冠狀動脈疾病(含心肌梗塞)、心律不整、心臟衰竭心導管介入治療(含冠狀動脈、週邊血管支架置放術)心血管重症醫學'),
(35, '謝純岑', '高血壓、糖尿病、高血脂症冠狀動脈疾病(含心肌梗塞)、心律不整心臟衰竭、肺高壓心導管介入治療(含冠狀動脈、週邊血管支架置放術)心律調節器植入手術'),
(36, '莊曜聰', '高血壓、糖尿病、高血脂症冠狀動脈疾病(含心肌梗塞)、心律不整、心臟衰竭心導管介入治療(含冠狀動脈、週邊血管、頸動脈支架置放術)心律不整電燒手術、心律調節器植入手術'),
(37, '張凱為', '高血壓、糖尿病、高血脂症冠狀動脈疾病(含心肌梗塞)、心律不整、心臟衰竭心導管介入治療(含冠狀動脈、週邊血管、頸動脈支架置放術)心律調節器植入手術'),
(38, '蕭文智', '高血壓、糖尿病、高血脂症冠狀動脈疾病(含心肌梗塞)、心律不整、心臟衰竭心導管介入治療(含冠狀動脈、週邊血管支架置放術)心律調節器植入手術心血管重症醫學'),
(39, '羅健賢', '高血壓、糖尿病、高血脂症冠狀動脈疾病(含心肌梗塞)、心律不整、心臟衰竭心導管介入治療(含冠狀動脈、週邊血管支架置放術)心律調節器植入手術'),
(40, '黃聖瑋', '高血壓、糖尿病、高血脂症冠狀動脈疾病(含心肌梗塞)、心律不整、心臟衰竭心導管介入治療(含冠狀動脈、週邊血管支架置放術)心律調節器植入手術'),
(41, '吳子卿', '胸腔病診斷治尞、肺癌診治、氣喘、重症呼吸治療'),
(42, '曹昌堯', '肺癌、肺部腫瘤、氣喘、阻塞性肺部疾病、肺炎、感染性肺部疾病、不明原因之咳嗽、呼吸困難及胸痛'),
(43, '張基晟', '肺癌治療、一般胸腔內科、胸腔重症加護、臨床試驗'),
(44, '王耀東', '一般內科及胸腔疾病、肺癌、肺炎、氣喘、肺阻塞、重症加護病房及呼吸器照護、胸腔檢查及治療(肺功能、胸腔超音波、支氣管鏡、支氣管內視鏡超音波及支架置放)、老年醫學及多重用藥處置'),
(45, '陳焜結', '肺癌診斷與治療、肺部及呼吸道疾病診治、重症醫學及呼吸器照護'),
(46, '莊銘隆', '內科、胸腔內科：慢性氣管炎、氣喘、肺心症、活動性呼吸困難、睡眠呼吸中止症、重症醫學、呼吸治療'),
(47, '陳世彬', '內科學&胸腔醫學&重症醫學醫學教育'),
(48, '陳耿彬', '一般內科及胸腔疾病、重症醫學'),
(49, '王耀震', '呼吸照護醫學胸腔暨重症醫學'),
(50, '吳銘芳', '肺癌及各式腫瘤、癌症精準醫療諮詢、腫瘤免疫治療、標靶藥物治療'),
(51, '林縵婷', '重症醫學一般內科及胸腔疾病'),
(52, '鄭哲融', '呼吸道疾病、肺癌、一般內科疾病'),
(53, '曲承鑲', '胸腔疾病(咳嗽、肺結核、肺炎、氣喘、慢性阻塞性肺病等)、間質性肺病、呼吸道疾病、肺癌'),
(54, '吳珈潤', '呼吸道疾病重症醫學呼吸治療肺癌'),
(55, '黃偉修', '血液疾病、腫瘤疾病'),
(56, '蕭培靜', '血液疾病、貧血、凝固障礙、血栓診治、急性、慢性白血病、淋巴癌、多發性骨髓瘤診治'),
(57, '呂學儒', '固態腫瘤、惡性血液疾病、安寧緩和治療'),
(58, '樊聖', '血液疾病、骨髓及血液幹細胞移植、各類癌症的化學藥物治療、荷爾蒙治療、免疫治療、安寧療護、分子生物學研究(選殖基因、癌症抑制基因、染色體)'),
(59, '連榮達', '腎衰竭、尿毒症、腎炎、水腫、高血壓、糖尿病、腎移植術後照護'),
(60, '張浤榮', '三高(糖尿病、高血壓、高血脂)治療與腎臟保護、慢性腎臟病治療與腎臟保護、蛋白尿與腎絲球腎炎之治療、腎臟移植與移植腎臟之保護、血液透析、腹膜透析之照護、痛風治療與腎臟保護'),
(61, '吳勝文', '一般內科疾病(糖尿病、高尿酸及高血壓診治)、血尿、蛋白尿及其他各種腎臟疾病治療、腎臟移植評估及治療'),
(62, '洪東衛', '腎臟科急、慢性腎臟病、透析治療、腎臟移植評估及治療重症醫學一般內科疾病'),
(63, '蔡博宇', '一般內科疾病(糖尿病、高尿酸及高血壓診治)、血尿、蛋白尿及其他各種腎臟疾病治療、高血壓、糖尿病與代謝異常、腎臟移植評估及治療'),
(64, '彭正明', '達文西機器人肝膽胰手術、達文西機器人單一孔洞手術、腹腔鏡肝臟切除、胃切除及胰臟手術、單一孔洞腹腔鏡切除手術、達文西機器人減重手術、達文西機器人甲狀腺及副甲狀腺手術'),
(65, '謝慶隆', '腹腔鏡腸胃道及肝膽胰手術、達文西腸胃道及肝膽胰手術、腹腔鏡疝氣修補術、乳房及大腸微創手術、甲狀腺微創手術'),
(66, '吳志隆', '一般骨科、創傷骨科、手外科、人工關節置換手術、骨髓炎、骨質疏鬆症治療'),
(67, '蕭裕明', '一般骨科、創傷骨科、骨折、人工關節置換手術、骨髓炎、關節炎、骨腫瘤'),
(68, '呂克修', '關節鏡手術、人工關節置換手術、關節疾病、運動傷害、骨質疏鬆'),
(69, '張益彰', '脊椎各類疾患手術(微創手術、內視鏡手術、人工椎間盤置換術)、退化性關節疾病、人工關節置換手術(微創手術)、骨質疏鬆(椎體成形術及保守性治療)、骨折、創傷外科、頸椎手術、脊椎側彎手術'),
(70, '羅健生', '關節鏡手術(肩、膝、髖、肘)、膝關節手術(軟骨再生、矯正截骨、人工關節置換、機器手臂關節置換)、運動醫學'),
(71, '林任家', '骨折微創手術、各式骨科傷口感染治療、困難傷口治療、糖尿病足傷口治療、高壓氧治療、人工關節置換手術'),
(72, '羅逸然', '下背痛、脊椎手術、各種人工關節置換及人工關節再置換手術、複雜性人工關節置換手術、運動傷害(關節鏡手術、十字韌帶重建、半月板修補、旋轉肌破裂等)、創傷骨科(各種骨折微創手術及複雜性骨折手術)、骨質疏鬆預防及治療、多重外傷及重症、一般骨科'),
(73, '羅宏愷', '一般骨科、創傷骨科、手外科、足踝醫學、骨質疏鬆症'),
(74, '林聖傑', '小兒骨科(髖關節發育不良、扁平足、脊椎側彎)、肢體變形矯正手術(長短腳、O/X型腿)、創傷骨科、創傷重建手術、手外科、腕關節鏡手術、一般骨科、骨鬆專科(骨質疏鬆治療)'),
(75, '林冠孝', '肩肘關節疾病及運動傷害(五十肩、旋轉肌袖破裂、網球肘等)、關節鏡手術及韌帶重建、一般骨科、創傷骨科、人工關節置換手術、骨質疏鬆檢測以及藥物治療'),
(76, '高世文', '足踝相關疾病(足踝骨折、姆趾外翻、扁平足、腳踝扭傷、凍甲、足底筋膜炎…)、一般骨科、骨折創傷手術、運動傷害、人工關節置換手術、手外科、骨質疏鬆症治療、增生療法:葡萄糖、PRP自體高濃度血小板注射'),
(77, '賴韋丞', '一般骨科、創傷骨科、人工膝關節置換、人工髖關節置換、脊椎外科'),
(78, '吳羽穎', '一般骨科、運動傷害、創傷骨科、手外科、拇指外翻及各式足踝手術、骨質疏鬆症、人工膝關節置換、人工髖關節置換關節鏡手術'),
(79, '廖憲華', '手外科專科–腕隧道症治療、狐臭治療、外科重症加護、一般外科手術及困難傷口治療(糖尿病患傷口治療)'),
(80, '陳俊嘉', '一般整形外科手術，外傷重建及癌症重建手術、顯微手術，皮瓣移植手術及淋巴水腫治療、手外科手術、皮膚腫瘤治療，鱗狀細胞癌，基底細胞癌及黑色素瘤治療、美容手術，雷射治療及微整形治療、燒燙傷治療'),
(81, '吳曉舒', '燒燙傷及疤痕重建手術、顯微手術、乳房重建手術、一般整形外科手術、困難傷口、糖尿病足、手外科手術、美容手術、雷射微整、私密整形'),
(82, '吳兆明', '慢性傷口治療、外傷暨外傷後重建、頭頸部腫瘤切除重建、下肢慢性潰瘍、靜脈曲張、美容手術及雷射'),
(83, '廖芫雅', '新兒生兒手術、兒童一般手術、新生兒先天畸形矯治手術、兒童泌尿系統手術、兒童腫瘤手術'),
(84, '謝明諭', '新生兒手術小兒疝氣、泌尿道手術先天性畸形矯正小兒胸腔、消化道手術小兒腫瘤手術人工血管置入手術'),
(85, '何錄滄', '胃、肝、膽、胰等消化器官腫瘤(癌症)診治、肝、膽結石、膽道鏡檢查、肝、膽膿瘍引流、腹腔鏡手術'),
(86, '張士文', '消化外科：胃、腸及食道腫瘤腹腔鏡手術一般外科：疝氣、闌尾炎、腸套疊及腹腔手術、乳房及甲狀腺手術'),
(87, '李祥麟', '肝膽胰及腸胃外科手術一般外傷、軀幹外傷及各種腹部急症腹腔鏡手術甲狀腺及乳房外科手術肝臟移植'),
(88, '陳昭宇', '腸胃外科手術外傷及各種腹部急症腹腔鏡手術甲狀腺及乳房外科手術外科重症加護'),
(89, '許倍豪', '外科重症照護、達文西機器人手術、大腸直腸癌手術及治療、肛門癌手術及治療、消化外科腹腔鏡手術、人工肛門造口、大腸直腸鏡檢查、內外痔、便血、脫肛及肛門膿瘍'),
(90, '林毓冰', '肛門疾患手術(痔瘡、廔管、肛裂、肛門狹窄等)、傳統開腹、微創腹腔鏡及3D微創腹腔鏡手術　(肝膽胰手術、腸胃道腫瘤切除手術、大腸直腸腫瘤切除手術　、疝氣手術等)、減痛大腸鏡檢查、腹部外傷、腹部急症手術、甲狀腺及乳房疾患手術、一般外科手術(人工血管植入手術、皮膚及皮下軟組織之清創　，縫合及腫瘤切除手術等)'),
(91, '陳堯俐', '屍體肝臟移植、活體部分肝臟移植、腹腔鏡手術、肝臟手術、胃、胰、腸外科手術'),
(92, '洪玉如', '傳統及腹腔鏡肝胃胰腸消化道手術、傳統及腹腔鏡疝氣手術、各式腹腔內視鏡手術、內視鏡甲狀腺手術、腹部急症及外傷手術、屍體肝臟移植及活體肝臟移植手術'),
(93, '姚忠瑾', '一般外科手術、腹腔鏡手術、內分泌外科甲狀腺及甲狀腺腫瘤診治、乳房疾患及腫瘤診治'),
(94, '葉名焮', '乳房惡性腫瘤診斷與治療、各項乳房手術、乳房腫瘤微創手術、乳癌化學治療、乳房重建手術、乳房疼痛、乳汁分泌、乳頭分泌物、乳房炎性病變(乳腺炎，乳房膿瘍)、乳房良性腫瘤(纖維囊腫，纖維腺瘤)、男性女乳症治療、各項乳房整型手術'),
(95, '趙子傑', '甲狀腺與副甲狀腺外科學、乳房外科學、腫瘤外科學、細胞免疫學、醫療品質與病人安全'),
(96, '廖啟佑', '乳房外科、乳房腫瘤微創手術、乳房內視鏡隆乳重建手術、內分泌外科甲狀腺及甲狀腺腫瘤診治'),
(97, '吳怡良', '心臟手術(成人及先天性疾病)、血管手術(週邊血管及大動脈瘤)、靜脈曲張手術、血管支架手術'),
(98, '蔡宗博', '心臟血管外科、胸腔外科、心肺移植、外傷科、重症醫學科、老人急重症醫學科、安寧緩和醫學科、醫務管理學科(高階醫務管理師)'),
(99, '郭樹民', '先天性心臟病：新生兒心臟病、心室中膈缺損、法洛氏心臟病、大動脈轉位、主動脈狹窄等、成人心臟病：冠狀動脈繞道手術、瓣膜性疾病、心臟移植手術'),
(100, '張正修', '腦中風、腦瘤、頸背酸痛、腦損傷、兒童神經脊椎退化及損傷、加馬刀及微創治療、手腳麻木失智症、顏面麻痺、癲癇症'),
(101, '廖文瑞', '腦中風、腦震盪、腦損傷坐骨神經痛脊椎退化及損傷顏面抽搐疼痛手汗症'),
(102, '陳斯逸', '脊椎微創手術、慢性疼痛治療、周邊神經病變診斷與治療內視鏡腦下垂體手術、腦瘤手術腦血管病變、腦中風頭部外傷'),
(103, '李祖信', '腦部手術(包括腦瘤、水腦、腦出血、外傷)脊椎手術(包括脊椎瘤、間盤突出、骨刺狹窄、脊椎損傷等)、三叉神經痛、神經血管、解壓手術包括有顏面神經痙攣、梅尼爾氏症等。'),
(104, '蘇振興', '脊椎微創手術腦外傷手術腦腫瘤手術手汗症手術'),
(105, '曾福豪', '神經脊椎顯微/微創手術坐骨神經痛、慢性疼痛治療神經脊椎腫瘤、脊椎退化及損傷頭部外傷治療、腦中風、腦損傷腦瘤手術'),
(106, '楊道杰', '腦出血，腦動脈瘤，腦動靜脈畸形外科治療神經脊椎疾病治療腦血管再暢通及重建手術治療腦外傷神經重症治療腕隧道症候群'),
(107, '楊宗熹', '腦部手術(腦瘤、腦血管疾病、水腦、腦出血、頭部外傷)脊椎微創手術、脊椎微創內視鏡手術、脊髓損傷、脊椎腫瘤三叉神經痛、顏面神經痙攣、腕隧道症候群頸痛、腰痛、手腳麻木、坐骨神經痛、椎間盤突出、脊椎骨刺、慢性疼痛治療脊椎壓迫性骨折、骨質疏鬆治療'),
(108, '顏杰偉', '脊椎微創手術,脊椎微創內視鏡手術,脊椎損傷,脊椎腫瘤脊椎壓迫性骨折,骨質疏鬆治療頸背痠痛,手腳麻木,坐骨神經痛,脊椎骨刺,脊椎骨刺腦部手術(頭部外傷,腦瘤,水腦,腦出血)'),
(109, '陳志毅副院長', '一般胸腔外科肺癌治療食道癌及其他胸腔腫瘤外科胸腔內視鏡外科'),
(110, '周明智', '氣胸、血胸、(先天性)自發性血氣胸肺(癌)腫瘤診斷、治療與手術乳房腫瘤診斷、治療與手術氣管鏡、支氣管鏡檢查、胸腔鏡檢查與手術'),
(111, '黃旭志', '胸腔內視鏡微創手術(肺癌、食道癌、縱隔腔腫瘤)、肺部腫瘤及肋膜腔疾病(氣胸、膿胸)微創手術治療、肺部腫瘤及縱隔腫瘤手術、食道疾病手術與治療、胸腔外傷及肋骨骨折手術與處置、重症加護醫學'),
(112, '夏君毅', '肺癌,食道癌,胃賁門癌,縱隔腔腫瘤微創手術、肺臟移植、各種胸腔鏡手術(包括手汗症)、氣管手術、氣管狹窄、食道功能疾病'),
(113, '林巧峯', '肺癌篩檢、食道癌篩檢、縱膈腔腫瘤手術治療、肺部結節/毛玻璃結節，早期癌症的立體定位，微創手術及無創消融治療、轉移性肺腫瘤之立體定位，微創手術及無創消融治療、肺癌早期復發之立體定位，微創手術及無創消融治療、肺癌化放療後剩餘腫瘤之無創消融治療、食道癌之早期恢復微創手術治療、氣管肉芽/狹窄/腫瘤之治療及氣切管之脫離、食道失遲緩症、胃食道逆流、漏斗胸、胸部外傷，肋骨骨折手術、吞嚥困難'),
(114, '歐光國', '胸腔內視鏡微創手術(肺癌、食道癌、縱隔腔腫瘤)、肺部腫瘤及肋膜腔疾病(氣胸、膿胸)微創手術治療、轉移性肺腫瘤之立體定位，微創手術及無創消融治療、肺癌早期復發之立體定位，微創手術及無創消融治療、胸腔外傷處置、重症加護醫學'),
(115, '蘇倍慶', '肺癌治療食道癌治療肋膜腔/縱膈腔疾病胸腔外偒處置重症加護醫學相關證照/專科外科醫學會胸腔及心臟血管外科學會胸腔外科醫學會胸腔暨重症加護醫學會'),
(116, '王國治', '胸腔外科專科(台灣胸腔及心臟血管外科學會、台灣胸腔外科醫學會)胸腔暨重症專科(台灣胸腔暨重症加護醫學會)高級心臟救命術ACLS高級外傷救命術ATLS'),
(117, '蔡㚽芸', '一般胸腔外科疾病、肺癌篩檢，食道癌篩檢、肺癌微創手術治療及三維立體定位微創手術治療(肺部結節/毛玻璃狀結節/肺部腫瘤/轉移性肺腫瘤等)、食道癌及食道疾病微創手術治療、縱隔腔腫瘤及其他胸腔腫瘤疾病微創手術治療、肋膜腔疾病(氣胸、膿胸等)微創手術治療、胸腔內視鏡微創手術(手汗症，漏斗胸等)、胸部外傷處置，肋骨骨折微創手術治療、高級心臟救命術ACLS、高級外傷救命術ATLS'),
(118, '丁文謙', '肛門疾病(痔瘡、肛裂)、大腸直腸生理功能性疾患(頑固性便秘，大腸急躁症)、下消化道腫瘤診斷與治療(大腸、直腸癌)、大腸支架放置(取代大腸造口)'),
(119, '黃啟洲', '大腸、直腸癌預防與治療、大腸鏡檢查、大腸息肉、便血、內外痔、慢性大腸炎、肛門廔管、膿瘍、肛裂、人工肛門造口問題'),
(120, '陳周斌', '肛門疾患、大腸直腸癌、腹腔鏡大腸直腸手術、標靶及化學治療'),
(121, '應宗和', '一般婦科及產科、周產期醫學、高危險妊娠、子宮肌瘤海扶刀手術、腹腔鏡手術、婦癌醫學研究、醫療經營管理'),
(122, '林靜儀', '孕前產前遺傳諮詢、產前遺傳診斷、青春期婦科、高危險妊娠'),
(123, '廖韻涵', '一般產科、高危險妊娠、產前超音波檢查、一般婦科、婦科腫瘤、婦科超音波、子宮頸癌疫苗及抹片檢查、青少女健康照護、剖腹產、自然產、開腹手術、腹腔鏡手術、子宮腔鏡手術及門診手術、海扶超音波治療、陰道雷射、小陰唇整形、陰道整形'),
(124, '廖瓊玲', '婦科腫瘤、更年期、一般婦產科、婦女泌尿'),
(125, '曾志仁', '婦女癌症預防、婦科腫瘤切除手術、婦女癌症根除手術、子宮保留的子宮頸癌根除手術、癌症精準醫學'),
(126, '韓志平', '生殖醫學、人工生殖技術、高危險妊娠、分子腫瘤'),
(127, '王博輝', '婦科癌症、婦科腫瘤、腹腔鏡微創手術、達文西機械手臂微創手術、婦癌精準醫療、婦癌免疫治療、一般婦科、子宮鏡手術'),
(128, '沈煌彬', '海扶刀手術、達文西手術、子宮肌瘤、子宮腺肌症、子宮內膜異位症、卵巢腫瘤手術、子宮頸癌、子宮內膜癌、抹片報告諮詢、更年期醫學'),
(129, '李茂盛', '不孕症、生殖內分泌、一般婦科、產科'),
(130, '劉崇賢', '生殖醫學、人工生殖技術、高危險妊娠、分子腫瘤'),
(131, '李宗賢', '不孕症及生殖科技(人工受孕；試管嬰兒)、生殖內分泌異常(調經；更年期；多囊性卵巢)、卵子、精蟲、胚胎、卵巢組織冷凍保存、婦科及腹腔鏡手術(卵巢囊腫；子宮肌瘤)、子宮內膜異位症及子宮腺瘤之診療'),
(132, '李俊逸', '不孕症、人工受孕、卵子冷凍胚胎冷凍、子宮鏡檢查及手術、婦科腫瘤微創(腹腔鏡)手術'),
(133, '劉勇良', '不孕症及生殖內分泌相關檢查、試管嬰兒、人工授精、不孕症微創腹腔鏡手術(卵巢囊腫、卵巢巧克力囊腫、子宮肌瘤)、子宮鏡檢查及手術(子宮息肉、子宮肌瘤、子宮沾黏)'),
(134, '黃淑君', '骨盆器官脫垂重建手術、微創性尿失禁手術、下泌尿道症狀診治(尿失禁、膀胱過動症、排尿困難、間質性膀胱炎)、婦科腫瘤(含子宮鏡、腹腔鏡手術)、尿路動力學檢查、膀胱鏡檢查、停經後生殖泌尿症狀'),
(135, '陳進典', '婦女尿失禁、婦女尿失禁及骨盆器官脫垂、骨盆機能評估、婦癌腫瘤、健康經濟學'),
(136, '洪滿榮', '婦科微創內視鏡達文西手術、骨盆脫垂重建及尿失禁手術、各種婦女泌尿問題(膀胱過動症、間質性膀胱炎、反覆性泌尿道感染)'),
(137, '吳珮如', '達文西婦科手術、海扶刀子宮腫瘤治療手術、一般婦科腫瘤內視鏡手術(子宮肌瘤切除、子宮切除、卵巢腫瘤)、腹腔鏡生殖醫學手術(輸卵管再接通、整形、子宮內膜異位等手術)、子宮鏡手術(瘜肉、肌瘤、子宮沾黏等手術)'),
(138, '廖韻涵、', '一般產科、高危險妊娠、產前超音波檢查、一般婦科、婦科腫瘤、婦科超音波、子宮頸癌疫苗及抹片檢查、青少女健康照護、剖腹產、自然產、開腹手術、腹腔鏡手術、子宮腔鏡手術及門診手術、海扶超音波治療、陰道雷射、小陰唇整形、陰道整形'),
(139, '曾慶煒', '海扶刀手術、微創腹腔鏡、子宮腔鏡及傳統開腹手術、一般婦科、婦科腫瘤、一般產科、高危險妊娠產檢及接生、更年期保健、停經後陰道雷射治療'),
(140, '蔡學宇', '海扶刀手術、一般婦科、婦科腫瘤、一般產科、高危險妊娠產檢及接生、微創腹腔鏡、子宮腔鏡及傳統開腹手術、更年期保健'),
(141, '蘇本華', '小兒科專科、新生兒科專科、醫學遺傳學專科、小兒內分泌暨新陳代謝專科、兒童胸腔暨重症醫學專科'),
(142, '李英齊', '小兒科學、小兒神經學、兒童發展學、新生兒及兒童重症醫學、兒童神經電生理及腦部超音波、基因學、神經遺傳、代謝及粒線體病變、新生兒與兒童癲癇'),
(143, '王杏安', '一般兒科、新生兒科、生長發育評估、早產兒及新生兒重症治療、小兒急診'),
(144, '呂克桓', '兒童學科、兒童過敏、免疫風濕科、兒童胸腔科、兒童急診重症'),
(145, '孫海倫', '小兒科、小兒過敏免疫風濕、兒童胸腔、兒童重症'),
(146, '顧明修', '氣喘、過敏、鼻炎、皮膚炎、慢性咳嗽、過敏體質'),
(147, '廖培汾', '台灣兒童過敏氣喘及免疫學會專科、一般兒科疾病、皮膚過敏、異位性皮膚炎、過敏性鼻炎、過敏體質、慢性咳嗽、氣喘之治療與保健'),
(148, '郭業文', '兒童先天性心臟病、成人先天性心臟病、心律不整、兒童過敏氣喘及免疫風濕相關疾病、兒童急重症、一般兒科疾病、新生兒疾病、超音波檢查、兒童預防保健、兒童健康諮詢'),
(149, '許績男', '小兒科學、腎臟學、重症醫學、過敏免疫學'),
(150, '蔡政道', '一般兒童疾病、兒童癲癇，妥瑞症兒童，注意力不集中及過動症、兒童發展問題衡鑑'),
(151, '陳善銘', '一般兒科疾病之診斷與治療、小兒肝膽腸胃與營養疾病之診斷與治療、小兒腹部超音波、小兒消化道內視鏡'),
(152, '巫康熙', '兒童惡性及良性腫瘤(包括不明腫塊/腫瘤、血管瘤)、血液疾病(包括貧血、紫斑症、白血球過高/過低)、小兒疾病(包括不明原因發燒)、骨髓移植(包括臍帶血移植、周邊造血幹細胞移植骨髓移植)、幹細胞轉譯醫學'),
(153, '趙玉華', '兒童癌症、血液疾病、貧血、淋巴腺腫大、不明腫塊、不明原因發燒、不明出血、瘀青或瘀斑'),
(154, '翁德甫', '血液疾病兒童與成人之先天性或後天性血液疾病：包括缺鐵性貧血、地中海貧血、各種貧血，血小板過多或減少，血小板功能異常，白血球疾病，再生不良性貧血。、出血性與血栓疾病兒童與成人之出血性疾病，包括先天性血友病、後天性血友病，類血友病與其他罕見或不明原因出血性疾病(如不明原因之反覆消化道出血，婦科出血、牙科出血、手術後出血)。兒童與成人之血栓性疾病(抗凝血因子缺乏、抗磷脂質症、不明原因之血栓)。、惡性腫瘤兒童白血病、腦瘤、淋巴瘤、神經母細胞瘤等常見兒童惡性腫瘤疾病。兒童癌症痊癒者與兒童骨髓移植後整體醫療追蹤。'),
(155, '謝宗學', '兒童急診、兒童感染、一般兒科'),
(156, '魏澤鈞', '兒童急症、一般兒科'),
(157, '尚秉孝', '一般兒科兒童重症醫學兒童急診'),
(158, '胡雅淳', '一般兒科兒童重症醫學兒童急診');

--
-- 已傾印資料表的索引
--

--
-- 資料表索引 `科別`
--
ALTER TABLE `科別`
  ADD PRIMARY KEY (`科別ID`);

--
-- 資料表索引 `科別_醫師`
--
ALTER TABLE `科別_醫師`
  ADD PRIMARY KEY (`科別ID`,`醫師ID`),
  ADD KEY `醫師ID` (`醫師ID`);

--
-- 資料表索引 `網站`
--
ALTER TABLE `網站`
  ADD PRIMARY KEY (`網站ID`),
  ADD KEY `醫生ID` (`醫生ID`);

--
-- 資料表索引 `醫師`
--
ALTER TABLE `醫師`
  ADD PRIMARY KEY (`醫師ID`);

--
-- 已傾印資料表的限制式
--

--
-- 資料表的限制式 `科別_醫師`
--
ALTER TABLE `科別_醫師`
  ADD CONSTRAINT `科別_醫師_ibfk_1` FOREIGN KEY (`科別ID`) REFERENCES `科別` (`科別ID`),
  ADD CONSTRAINT `科別_醫師_ibfk_2` FOREIGN KEY (`醫師ID`) REFERENCES `醫師` (`醫師ID`);

--
-- 資料表的限制式 `網站`
--
ALTER TABLE `網站`
  ADD CONSTRAINT `網站_ibfk_1` FOREIGN KEY (`醫生ID`) REFERENCES `醫師` (`醫師ID`);
COMMIT;

/*!40101 SET CHARACTER_SET_CLIENT=@OLD_CHARACTER_SET_CLIENT */;
/*!40101 SET CHARACTER_SET_RESULTS=@OLD_CHARACTER_SET_RESULTS */;
/*!40101 SET COLLATION_CONNECTION=@OLD_COLLATION_CONNECTION */;
